timestamp,speed,density,bz,bt,temperature
2026-05-02T10:57:34.630748+00:00,473.51,5.091,-2.364,9.053,128726.0
2026-05-02T10:57:34.633396+00:00,480.6,5.87,-5.467,8.763,127881.0
2026-05-02T10:57:34.636122+00:00,486.82,5.489,-5.23,6.767,126000.0
2026-05-02T10:57:34.638137+00:00,495.17,4.581,-1.164,6.138,121973.0
2026-05-02T10:57:34.640039+00:00,486.96,4.336,-6.216,10.246,122291.0
2026-05-02T10:57:34.642068+00:00,487.62,3.751,-10.017,12.708,125202.0
2026-05-02T10:57:34.643794+00:00,473.04,3.576,-8.181,9.998,130022.0
2026-05-02T10:57:34.645459+00:00,466.52,3.649,-8.259,11.833,128828.0
2026-05-02T10:57:34.647146+00:00,469.6,3.958,-5.753,6.898,129419.0
2026-05-02T10:57:34.648874+00:00,471.19,3.719,-5.285,9.709,125639.0
2026-05-02T10:57:34.651073+00:00,467.35,3.454,-3.666,5.123,126916.0
2026-05-02T10:57:34.653429+00:00,463.45,3.455,-3.856,5.461,129998.0
2026-05-02T10:57:34.655437+00:00,465.05,2.745,-4.092,7.38,129396.0
2026-05-02T10:57:34.657392+00:00,461.92,3.157,-3.161,5.322,127146.0
2026-05-02T10:57:34.659979+00:00,456.31,3.041,-4.287,4.989,126862.0
2026-05-02T10:57:34.662583+00:00,456.35,2.914,-6.744,9.565,126052.0
2026-05-02T10:57:34.664965+00:00,448.42,2.902,-7.397,10.848,124676.0
2026-05-02T10:57:34.667229+00:00,451.1,2.865,-8.11,11.488,126424.0
2026-05-02T10:57:34.669721+00:00,457.64,2.379,-11.144,12.004,129098.0
2026-05-02T10:57:34.671974+00:00,454.0,2.266,-11.764,13.698,129404.0
2026-05-02T10:57:34.674050+00:00,456.32,2.099,-13.54,17.869,127176.0
2026-05-02T10:57:34.676323+00:00,457.0,2.5,-10.654,13.062,129563.0
2026-05-02T10:57:34.678320+00:00,455.17,1.847,-7.194,9.787,129194.0
2026-05-02T10:57:34.680276+00:00,444.21,1.632,-5.887,6.65,125362.0
2026-05-02T10:57:34.682527+00:00,445.52,1.441,-3.104,3.42,124087.0
2026-05-02T10:57:34.684634+00:00,436.41,1.826,-4.455,5.424,125605.0
2026-05-02T10:57:34.687000+00:00,441.26,1.935,-2.972,3.402,124731.0
2026-05-02T10:57:34.689159+00:00,438.14,1.361,-2.425,4.013,127241.0
2026-05-02T10:57:34.690976+00:00,437.48,0.808,-1.783,3.322,129349.0
2026-05-02T10:57:34.692833+00:00,436.99,1.113,0.436,3.346,127617.0
2026-05-02T10:57:34.694426+00:00,435.81,1.647,2.159,3.788,125849.0
2026-05-02T10:57:34.695985+00:00,436.06,1.551,2.411,5.415,121699.0
2026-05-02T10:57:34.697552+00:00,440.28,1.897,3.858,7.062,118387.0
2026-05-02T10:57:34.699155+00:00,444.91,1.329,3.607,7.725,115903.0
2026-05-02T10:57:34.701094+00:00,447.55,1.448,4.76,6.749,115909.0
2026-05-02T10:57:34.703639+00:00,444.58,1.566,4.854,5.43,110752.0
2026-05-02T10:57:34.705407+00:00,444.3,2.484,6.733,10.643,109127.0
2026-05-02T10:57:34.707308+00:00,442.51,3.56,8.546,9.279,108809.0
2026-05-02T10:57:34.709140+00:00,438.29,2.834,7.399,8.927,108787.0
2026-05-02T10:57:34.711433+00:00,433.73,2.685,9.125,13.589,107882.0
2026-05-02T10:57:34.713853+00:00,435.55,2.513,8.492,12.995,107447.0
2026-05-02T10:57:34.716338+00:00,448.19,3.026,9.79,9.828,104518.0
2026-05-02T10:57:34.718854+00:00,444.25,2.516,12.0,14.028,105165.0
2026-05-02T10:57:34.721309+00:00,446.19,2.34,13.078,16.913,106362.0
2026-05-02T10:57:34.723938+00:00,450.66,1.988,11.54,16.094,102281.0
2026-05-02T10:57:34.726575+00:00,441.76,1.658,11.47,13.947,101322.0
2026-05-02T10:57:34.728988+00:00,435.4,0.986,10.526,14.342,96038.0
2026-05-02T10:57:34.731338+00:00,440.1,0.955,11.475,14.231,100238.0
2026-05-02T10:57:34.733967+00:00,439.74,0.5,13.748,16.586,99986.0
2026-05-02T10:57:34.736289+00:00,446.18,0.5,12.691,15.976,104899.0
2026-05-02T10:57:34.738616+00:00,440.38,0.854,11.625,12.863,107253.0
2026-05-02T10:57:34.740996+00:00,436.28,0.69,10.95,14.114,109414.0
2026-05-02T10:57:34.743465+00:00,431.46,1.063,10.176,10.514,109643.0
2026-05-02T10:57:34.745906+00:00,429.22,1.319,11.621,15.307,108438.0
2026-05-02T10:57:34.748324+00:00,427.26,2.299,12.487,16.167,111257.0
2026-05-02T10:57:34.750749+00:00,418.1,2.881,11.471,13.789,114693.0
2026-05-02T10:57:34.753132+00:00,429.21,3.73,13.08,14.915,113031.0
2026-05-02T10:57:34.755551+00:00,426.43,4.233,13.67,16.765,111267.0
2026-05-02T10:57:34.758189+00:00,431.59,3.686,9.562,12.078,111533.0
2026-05-02T10:57:34.760658+00:00,432.81,3.771,7.086,10.22,110987.0
2026-05-02T10:57:34.763171+00:00,429.1,3.854,4.47,5.85,113208.0
2026-05-02T10:57:34.765516+00:00,425.46,3.776,4.477,6.903,111636.0
2026-05-02T10:57:34.767869+00:00,426.04,3.817,6.951,8.419,108354.0
2026-05-02T10:57:34.770185+00:00,421.8,4.243,7.312,8.951,108221.0
2026-05-02T10:57:34.772674+00:00,428.23,4.507,8.97,10.338,108941.0
2026-05-02T10:57:34.775422+00:00,433.96,5.082,8.62,11.519,106458.0
2026-05-02T10:57:34.778658+00:00,440.69,5.01,13.611,14.742,108174.0
2026-05-02T10:57:34.782156+00:00,443.14,5.191,15.444,16.263,112433.0
2026-05-02T10:57:34.785334+00:00,448.64,5.016,17.412,18.909,113864.0
2026-05-02T10:57:34.788639+00:00,446.79,4.191,18.45,21.047,119789.0
2026-05-02T10:57:34.792058+00:00,452.62,4.161,20.0,20.496,123225.0
2026-05-02T10:57:34.795034+00:00,447.12,3.178,19.839,22.003,123204.0
2026-05-02T10:57:34.797997+00:00,449.86,3.541,20.0,22.09,132178.0
2026-05-02T10:57:34.801069+00:00,457.84,2.907,20.0,24.49,133960.0
2026-05-02T10:57:34.804143+00:00,456.72,3.254,20.0,22.164,135884.0
2026-05-02T10:57:34.807685+00:00,453.08,2.834,17.41,18.11,134388.0
2026-05-02T10:57:34.810320+00:00,449.94,2.556,17.986,22.538,136671.0
2026-05-02T10:57:34.813328+00:00,448.0,1.505,14.904,15.385,139214.0
2026-05-02T10:57:34.816088+00:00,439.45,1.878,13.251,18.029,138207.0
2026-05-02T10:57:34.819131+00:00,439.98,2.117,11.699,13.749,134165.0
2026-05-02T10:57:34.821395+00:00,438.99,1.844,14.829,15.056,137697.0
2026-05-02T10:57:34.823694+00:00,436.61,1.938,13.876,14.223,138054.0
2026-05-02T10:57:34.825894+00:00,429.87,2.574,14.445,16.856,141772.0
2026-05-02T10:57:34.827441+00:00,425.01,2.567,16.548,20.71,143246.0
2026-05-02T10:57:34.829047+00:00,429.24,2.328,18.546,18.786,143565.0
2026-05-02T10:57:34.830714+00:00,433.16,2.994,19.279,23.469,147906.0
2026-05-02T10:57:34.832751+00:00,420.84,3.414,18.157,18.562,147333.0
2026-05-02T10:57:34.834420+00:00,428.09,3.857,17.931,21.87,147976.0
2026-05-02T10:57:34.835935+00:00,428.76,4.031,16.809,18.945,148374.0
2026-05-02T10:57:34.837586+00:00,429.0,3.248,18.831,18.937,148489.0
2026-05-02T10:57:34.839092+00:00,429.51,3.159,19.747,24.569,148989.0
2026-05-02T10:57:34.840846+00:00,427.25,3.351,18.326,20.762,149638.0
2026-05-02T10:57:34.842840+00:00,432.3,2.195,17.756,18.905,147418.0
2026-05-02T10:57:34.844992+00:00,433.8,1.992,17.837,22.672,145508.0
2026-05-02T10:57:34.847131+00:00,427.99,2.529,17.035,17.648,138405.0
2026-05-02T10:57:34.849248+00:00,436.19,2.763,17.907,21.187,139140.0
2026-05-02T10:57:34.851409+00:00,434.11,3.053,20.0,20.081,140057.0
2026-05-02T10:57:34.854586+00:00,441.36,2.97,18.322,18.954,136184.0
2026-05-02T10:57:34.856764+00:00,434.5,2.448,18.525,22.361,137239.0
2026-05-02T10:57:34.858671+00:00,430.88,1.231,20.0,24.432,139378.0
2026-05-02T10:57:34.860444+00:00,432.82,2.18,20.0,22.01,135099.0
2026-05-02T10:57:34.862096+00:00,433.62,1.371,20.0,24.953,141932.0
2026-05-02T10:57:34.863597+00:00,433.79,1.775,18.576,19.58,142678.0
2026-05-02T10:57:34.865569+00:00,423.89,1.163,19.318,19.65,135635.0
2026-05-02T10:57:34.868139+00:00,430.99,1.136,20.0,21.488,136014.0
2026-05-02T10:57:34.870720+00:00,435.95,1.686,20.0,23.279,134985.0
2026-05-02T10:57:34.872354+00:00,424.17,2.1,19.058,21.109,134743.0
2026-05-02T10:57:34.873953+00:00,424.81,1.718,19.643,22.527,134233.0
2026-05-02T10:57:34.875480+00:00,411.17,2.082,14.11,15.977,133594.0
2026-05-02T10:57:34.877028+00:00,416.98,2.513,13.816,16.895,135724.0
2026-05-02T10:57:34.878532+00:00,421.29,3.096,15.296,19.565,136570.0
2026-05-02T10:57:34.880064+00:00,418.79,3.318,17.356,18.723,134859.0
2026-05-02T10:57:34.881704+00:00,415.17,3.535,15.043,18.562,138474.0
2026-05-02T10:57:34.883261+00:00,415.76,3.853,12.648,16.973,137174.0
2026-05-02T10:57:34.884839+00:00,421.7,4.412,11.467,13.538,139502.0
2026-05-02T10:57:34.886359+00:00,421.51,3.913,12.064,12.834,141023.0
2026-05-02T10:57:34.887930+00:00,417.44,3.702,10.194,13.138,145665.0
2026-05-02T10:57:34.889458+00:00,406.89,3.919,11.685,12.298,149473.0
2026-05-02T10:57:34.890977+00:00,409.92,4.496,11.697,15.974,145309.0
2026-05-02T10:57:34.892703+00:00,414.03,4.138,12.371,14.05,153336.0
2026-05-02T10:57:34.894324+00:00,419.0,4.661,14.567,18.91,157064.0
2026-05-02T10:57:34.896029+00:00,420.46,5.211,11.619,13.913,161502.0
2026-05-02T10:57:34.897921+00:00,419.37,5.59,11.712,13.009,166136.0
2026-05-02T10:57:34.899582+00:00,424.86,6.01,13.373,17.325,166852.0
2026-05-02T10:57:34.901195+00:00,425.88,6.126,11.717,16.247,172250.0
2026-05-02T10:57:34.902736+00:00,422.22,5.395,8.815,10.522,170431.0
2026-05-02T10:57:34.904296+00:00,417.07,5.69,7.749,8.643,175819.0
2026-05-02T10:57:34.905927+00:00,415.75,7.03,7.645,12.641,176934.0
2026-05-02T10:57:34.907383+00:00,418.36,6.545,6.825,9.884,174359.0
2026-05-02T10:57:34.908798+00:00,431.09,6.602,6.379,10.641,168836.0
2026-05-02T10:57:34.910243+00:00,427.48,7.272,3.68,5.77,165413.0
2026-05-02T10:57:34.911536+00:00,429.39,6.106,4.75,9.536,167156.0
2026-05-02T10:57:34.912878+00:00,426.47,5.985,3.201,8.02,167694.0
2026-05-02T10:57:34.914339+00:00,430.42,5.556,-0.613,3.481,170902.0
2026-05-02T10:57:34.915796+00:00,436.44,5.375,-2.84,3.861,165323.0
2026-05-02T10:57:34.917215+00:00,433.08,4.862,-4.839,7.561,165773.0
2026-05-02T10:57:34.918720+00:00,439.16,5.065,-6.246,8.927,166399.0
2026-05-02T10:57:34.920181+00:00,447.95,5.104,-8.182,10.592,161706.0
2026-05-02T10:57:34.921569+00:00,452.21,4.829,-11.668,16.265,162325.0
2026-05-02T10:57:34.923043+00:00,460.1,5.269,-10.881,12.215,158687.0
2026-05-02T10:57:34.924442+00:00,466.14,4.873,-11.481,15.664,156502.0
2026-05-02T10:57:34.925766+00:00,469.42,4.936,-13.488,15.285,160120.0
2026-05-02T10:57:34.927221+00:00,470.65,5.405,-15.009,18.852,157401.0
2026-05-02T10:57:34.928462+00:00,460.11,5.567,-14.494,17.295,155524.0
2026-05-02T10:57:34.929935+00:00,448.68,6.234,-18.499,21.228,157272.0
2026-05-02T10:57:34.931372+00:00,454.14,5.919,-17.645,22.559,152895.0
2026-05-02T10:57:34.932615+00:00,454.0,5.753,-22.58,22.655,149496.0
2026-05-02T10:57:34.933788+00:00,455.29,6.184,-23.15,26.406,150198.0
2026-05-02T10:57:34.935061+00:00,453.31,4.53,-24.568,29.364,150310.0
2026-05-02T10:57:34.936444+00:00,453.73,5.24,-23.36,28.118,153217.0
2026-05-02T10:57:34.937750+00:00,447.4,4.644,-25.308,28.506,158794.0
2026-05-02T10:57:34.939128+00:00,437.92,5.025,-22.357,23.834,161686.0
2026-05-02T10:57:34.940384+00:00,436.2,5.344,-22.64,27.482,161611.0
2026-05-02T10:57:34.941865+00:00,432.65,5.041,-21.082,22.695,161642.0
2026-05-02T10:57:34.943194+00:00,433.4,5.604,-20.831,24.714,168804.0
2026-05-02T10:57:34.944451+00:00,431.11,6.42,-18.656,23.545,162566.0
2026-05-02T10:57:34.945709+00:00,436.34,7.048,-18.527,20.498,165273.0
2026-05-02T10:57:34.947021+00:00,428.05,8.009,-18.884,21.083,165772.0
2026-05-02T10:57:34.948472+00:00,424.54,7.096,-18.935,21.577,165943.0
2026-05-02T10:57:34.949858+00:00,426.06,6.836,-21.997,25.437,167865.0
2026-05-02T10:57:34.951266+00:00,430.42,7.182,-20.872,25.282,163909.0
2026-05-02T10:57:34.952709+00:00,425.93,7.982,-23.064,25.522,165377.0
2026-05-02T10:57:34.954023+00:00,433.02,7.985,-24.141,27.318,166151.0
2026-05-02T10:57:34.955368+00:00,428.3,7.547,-24.596,25.915,164179.0
2026-05-02T10:57:34.956893+00:00,437.87,7.576,-24.351,28.328,167881.0
2026-05-02T10:57:34.958188+00:00,440.76,7.515,-24.384,28.033,169698.0
2026-05-02T10:57:34.960008+00:00,439.68,7.216,-27.484,32.146,166863.0
2026-05-02T10:57:34.961975+00:00,430.02,6.746,-29.524,29.964,164024.0
2026-05-02T10:57:34.963482+00:00,425.14,7.108,-28.377,30.736,167958.0
2026-05-02T10:57:34.965062+00:00,429.18,6.929,-28.645,29.746,166174.0
2026-05-02T10:57:34.966509+00:00,428.67,6.111,-28.187,32.36,169786.0
2026-05-02T10:57:34.967964+00:00,431.66,5.623,-24.919,24.952,169223.0
2026-05-02T10:57:34.969517+00:00,434.68,5.52,-25.084,26.149,174961.0
2026-05-02T10:57:34.971007+00:00,431.5,5.828,-24.821,27.327,171744.0
2026-05-02T10:57:34.972491+00:00,439.62,5.665,-24.657,26.724,169019.0
2026-05-02T10:57:34.973927+00:00,435.73,6.342,-22.923,27.922,167449.0
2026-05-02T10:57:34.975305+00:00,437.42,6.309,-25.581,28.508,172232.0
2026-05-02T10:57:34.976820+00:00,439.16,5.838,-23.726,26.122,170008.0
2026-05-02T10:57:34.978301+00:00,439.42,5.874,-21.211,22.766,165685.0
2026-05-02T10:57:34.979686+00:00,439.76,5.846,-23.854,24.51,166584.0
2026-05-02T10:57:34.981122+00:00,432.78,5.54,-22.416,27.104,166870.0
2026-05-02T10:57:34.982520+00:00,441.3,6.442,-21.07,21.529,174055.0
2026-05-02T10:57:34.983910+00:00,444.15,7.495,-23.623,23.915,176827.0
2026-05-02T10:57:34.985311+00:00,449.78,7.293,-22.889,23.042,175805.0
2026-05-02T10:57:34.986787+00:00,447.71,7.173,-25.939,27.755,174642.0
2026-05-02T10:57:34.988274+00:00,447.76,7.871,-25.638,29.238,175452.0
2026-05-02T10:57:34.989746+00:00,451.87,7.686,-24.173,25.038,175916.0
2026-05-02T10:57:34.991328+00:00,459.89,8.077,-26.141,29.883,180227.0
2026-05-02T10:57:34.992633+00:00,465.8,8.617,-25.576,26.271,180799.0
2026-05-02T10:57:34.994052+00:00,474.98,8.437,-28.773,30.316,183735.0
2026-05-02T10:57:34.995637+00:00,464.03,8.322,-28.035,32.365,186412.0
2026-05-02T10:57:34.997214+00:00,467.25,8.384,-24.28,26.354,189545.0
2026-05-02T10:57:34.999115+00:00,469.53,8.937,-24.402,24.433,188588.0
2026-05-02T10:57:35.000864+00:00,469.53,8.094,-25.513,26.324,186225.0
2026-05-02T10:57:35.002453+00:00,463.38,8.396,-26.093,29.794,186918.0
2026-05-02T10:57:35.004019+00:00,460.12,8.573,-21.66,23.026,189180.0
2026-05-02T10:57:35.005382+00:00,465.34,8.279,-23.308,28.067,188246.0
2026-05-02T10:57:35.006780+00:00,461.15,8.869,-21.803,22.282,189493.0
2026-05-02T10:57:35.008322+00:00,465.77,9.069,-22.172,23.085,197279.0
2026-05-02T10:57:35.009796+00:00,474.25,8.978,-22.696,23.007,199423.0
2026-05-02T10:57:37.786631+00:00,437.6,1.11,-0.54,5.27,48213.0
2026-05-02T11:02:38.854914+00:00,451.1,0.41,-1.54,5.09,118303.0
2026-05-02T11:03:33.512650+00:00,451.1,0.41,-1.54,5.09,118303.0
2026-05-02T11:04:35.392281+00:00,463.2,0.58,-1.49,5.13,88330.0
2026-05-02T11:05:37.659931+00:00,434.0,0.21,-1.64,5.13,56829.0
2026-05-02T11:06:39.918059+00:00,447.9,0.31,-1.86,5.15,60491.0
2026-05-02T11:07:42.216650+00:00,447.9,0.31,-1.68,5.09,60491.0
2026-05-02T11:08:13.284674+00:00,447.9,0.31,-1.68,5.09,60491.0
2026-05-02T11:21:49.029726+00:00,422.6,0.81,-1.63,4.63,44520.0
2026-05-02T11:22:51.290841+00:00,448.1,1.45,-1.87,4.73,72316.0
2026-05-02T11:24:08.707743+00:00,442.7,1.34,-2.44,4.87,44485.0
2026-05-02T11:25:11.173434+00:00,435.5,0.09,-2.66,4.9,70792.0
2026-05-02T11:27:51.948404+00:00,433.5,0.15,-2.28,4.78,93031.0
2026-05-02T11:28:54.210275+00:00,451.4,0.59,-2.27,4.52,59459.0
2026-05-02T11:33:28.447297+00:00,446.1,0.54,-1.03,3.82,85469.0
2026-05-02T11:34:30.710249+00:00,442.0,0.59,0.36,3.91,100948.0
2026-05-02T11:35:32.561746+00:00,449.3,1.04,1.91,4.07,128165.0
2026-05-02T11:36:34.823226+00:00,425.9,1.75,0.84,4.43,85540.0
2026-05-02T11:38:16.306139+00:00,433.0,1.15,1.3,4.34,91748.0
2026-05-02T11:39:19.011922+00:00,405.2,1.06,1.57,4.36,60882.0
2026-05-02T11:42:03.949351+00:00,407.0,0.85,1.88,4.38,85432.0
2026-05-02T11:43:05.893657+00:00,425.2,2.18,1.51,4.29,134939.0
2026-05-02T11:44:08.658816+00:00,425.2,2.18,1.42,4.31,134939.0
2026-05-02T11:45:11.727382+00:00,418.4,2.14,2.17,4.32,103585.0
2026-05-02T11:55:05.004418+00:00,427.9,3.08,3.26,4.35,89843.0
2026-05-02T11:56:07.680855+00:00,397.3,1.57,3.13,4.34,42582.0
2026-05-02T11:57:10.558429+00:00,409.3,1.47,3.1,4.06,45720.0
2026-05-02T11:58:13.425510+00:00,439.4,2.82,3.76,4.55,91724.0
2026-05-02T11:59:15.840002+00:00,440.9,3.51,3.79,4.38,123214.0
2026-05-02T12:00:18.346501+00:00,440.9,3.51,3.13,3.63,123214.0
2026-05-02T12:01:20.580702+00:00,431.8,1.88,3.3,4.12,67713.0
2026-05-02T12:02:22.660616+00:00,422.3,2.6,3.67,4.33,75419.0
2026-05-02T12:03:25.535587+00:00,422.3,2.6,3.73,4.34,75419.0
2026-05-02T12:04:27.999273+00:00,411.0,2.11,3.27,4.2,50653.0
2026-05-02T12:05:31.284518+00:00,412.6,2.08,3.47,4.22,54422.0
2026-05-02T12:06:33.543672+00:00,427.9,2.8,3.53,4.41,92729.0
2026-05-02T12:07:35.598694+00:00,427.6,3.19,3.46,4.31,103682.0
2026-05-02T12:08:38.268507+00:00,415.0,2.49,3.3,4.11,71800.0
2026-05-02T12:09:39.709240+00:00,410.4,2.15,2.89,4.07,67436.0
2026-05-02T12:10:41.878114+00:00,422.9,2.79,1.56,4.07,93070.0
2026-05-02T12:11:44.229337+00:00,422.9,2.79,2.62,3.84,93070.0
2026-05-02T12:32:31.493012+00:00,432.24,2.979,4.238,4.567,92318.0
2026-05-02T12:33:31.524087+00:00,425.87,3.249,4.693,5.812,94608.0
2026-05-04T05:53:47.084465+00:00,408.6,0.09,-1.0,7.86,103448.0
2026-05-04T05:54:49.320401+00:00,408.6,0.09,-1.0,7.86,103448.0
2026-05-04T06:15:00.127899+00:00,401.5,0.5,-3.872,7.455,103746.0
2026-05-04T06:16:20.565840+00:00,402.83,0.5,-3.272,8.234,103488.0
2026-05-04T06:17:40.628483+00:00,407.9,0.898,-3.73,6.244,98977.0
2026-05-04T06:18:46.251894+00:00,407.1,0.09,1.5,7.92,69143.0
2026-05-04T06:19:53.437816+00:00,407.1,0.09,1.67,7.94,69143.0
2026-05-04T06:20:59.909407+00:00,402.8,0.08,1.56,7.84,45836.0
2026-05-04T06:22:03.101614+00:00,409.3,0.1,2.13,7.82,57997.0
2026-05-04T06:23:21.157838+00:00,409.0,0.5,2.93,7.487,52971.0
2026-05-04T06:24:24.792357+00:00,398.6,0.18,1.77,7.88,50638.0
2026-05-04T06:25:30.843346+00:00,410.3,0.09,1.83,7.68,67882.0
2026-05-04T06:26:33.305713+00:00,417.2,1.2,2.72,7.68,65715.0
2026-05-04T06:38:37.718692+00:00,362.6,4.767,-2.154,7.369,102966.0
2026-05-04T06:39:40.414920+00:00,365.47,4.549,-1.258,4.313,103942.0
2026-05-04T06:40:43.079933+00:00,407.9,0.38,4.22,7.2,26889.0
2026-05-04T06:41:44.934916+00:00,423.8,0.81,4.36,7.16,59407.0
2026-05-04T06:42:47.207460+00:00,422.1,1.23,4.5,7.12,56255.0
2026-05-04T06:43:51.319052+00:00,422.1,1.23,5.92,6.75,56255.0
2026-05-04T06:44:54.833036+00:00,414.4,2.97,6.53,6.56,28615.0
2026-05-04T06:45:57.443802+00:00,406.3,2.83,6.48,6.73,14072.0
2026-05-04T06:47:01.332500+00:00,406.3,2.83,6.47,6.75,14072.0
2026-05-04T06:48:04.378953+00:00,426.0,4.81,5.53,6.88,57836.0
2026-05-04T06:49:06.867721+00:00,423.4,1.97,5.09,7.11,69269.0
2026-05-04T06:50:10.041819+00:00,410.1,1.0,5.99,6.88,37595.0
2026-05-04T06:51:12.061494+00:00,401.5,2.37,5.3,7.33,38329.0
2026-05-04T06:52:15.419155+00:00,401.5,2.37,5.23,7.25,38329.0
2026-05-04T06:53:31.790532+00:00,402.9,1.37,5.61,7.24,32091.0
2026-05-04T06:54:35.447773+00:00,398.8,0.92,5.39,7.18,25124.0
2026-05-04T06:55:38.405532+00:00,398.8,0.92,5.42,7.27,25124.0
2026-05-04T06:56:58.516602+00:00,400.62,1.407,5.757,10.19,26858.0
2026-05-04T06:59:47.282595+00:00,416.0,0.96,4.68,7.18,47381.0
2026-05-04T07:00:50.159922+00:00,403.1,0.71,4.75,7.15,30473.0
2026-05-04T07:01:52.839285+00:00,403.1,0.71,3.21,7.14,30473.0
2026-05-04T07:02:55.749649+00:00,403.1,0.71,4.69,6.95,30473.0
2026-05-04T07:03:58.462578+00:00,408.95,0.922,8.412,11.416,31815.0
2026-05-04T07:05:01.949303+00:00,396.3,0.31,3.88,6.87,24537.0
2026-05-04T07:06:04.735061+00:00,412.9,0.51,4.01,6.93,44095.0
2026-05-04T07:07:06.995796+00:00,410.5,0.74,3.73,6.94,50886.0
2026-05-04T07:10:15.818837+00:00,467.54,4.243,-4.44,7.358,97145.0
2026-05-04T07:12:53.039354+00:00,412.5,0.22,3.93,7.15,37142.0
2026-05-04T07:13:55.509957+00:00,422.0,0.22,2.83,7.0,37703.0
2026-05-04T07:14:58.084004+00:00,410.1,0.12,-3.61,7.2,58724.0
2026-05-04T07:15:59.661272+00:00,410.1,0.12,-1.73,7.51,58724.0
2026-05-04T07:17:01.995988+00:00,390.1,0.03,-1.73,7.51,43087.0
2026-05-04T07:18:06.080964+00:00,387.4,0.01,-1.73,7.51,31060.0
2026-05-04T07:19:08.850248+00:00,389.1,0.01,-2.78,7.63,39054.0
2026-05-04T07:20:10.803735+00:00,379.0,0.01,-1.9,7.59,19360.0
2026-05-04T07:28:45.299713+00:00,411.6,0.16,-3.82,7.27,46786.0
2026-05-04T07:29:47.874127+00:00,386.3,0.09,-4.95,7.34,114313.0
2026-05-04T07:30:50.051555+00:00,381.7,0.07,0.53,6.41,92548.0
2026-05-04T07:31:51.918569+00:00,381.7,0.07,0.53,6.41,92548.0
2026-05-04T07:32:54.194117+00:00,381.7,0.07,0.45,6.3,92548.0
2026-05-04T07:33:56.671891+00:00,344.8,0.14,-0.13,6.22,33480.0
2026-05-04T07:34:58.478552+00:00,345.2,0.12,-2.07,6.34,37423.0
2026-05-04T07:36:00.103805+00:00,345.2,0.12,-1.42,5.87,37423.0
2026-05-04T07:37:02.773983+00:00,409.0,0.89,2.3,6.72,101394.0
2026-05-04T07:38:04.515790+00:00,409.0,0.89,2.3,6.72,101394.0
2026-05-04T07:39:06.659740+00:00,409.0,0.89,2.3,6.72,101394.0
2026-05-04T07:40:09.111076+00:00,409.0,0.89,2.3,6.72,101394.0
2026-05-04T07:41:11.773358+00:00,409.0,0.89,2.3,6.72,101394.0
2026-05-04T07:42:14.027661+00:00,409.0,0.89,2.3,6.72,101394.0
2026-05-04T07:43:16.284672+00:00,409.0,0.89,2.3,6.72,101394.0
2026-05-04T07:44:19.157280+00:00,409.0,0.89,2.3,6.72,101394.0
2026-05-04T07:45:21.416468+00:00,409.0,0.89,2.3,6.72,101394.0
2026-05-04T07:46:23.061420+00:00,409.0,0.89,2.3,6.72,101394.0
2026-05-04T07:47:25.323791+00:00,409.0,0.89,2.3,6.72,101394.0
2026-05-04T07:48:26.665950+00:00,409.0,0.89,2.3,6.72,101394.0
2026-05-04T07:49:28.533771+00:00,410.17,1.094,2.156,6.243,108265.0
2026-05-04T07:50:31.088911+00:00,384.4,0.31,-0.21,6.27,65283.0
2026-05-04T07:51:33.043873+00:00,385.4,0.41,0.77,6.62,85098.0
2026-05-04T07:52:35.203545+00:00,397.4,0.75,1.3,6.71,78272.0
2026-05-04T07:53:37.464957+00:00,397.7,0.97,1.3,6.71,76391.0
2026-05-04T07:54:39.726383+00:00,397.7,0.97,1.3,6.71,76391.0
2026-05-04T07:55:42.204877+00:00,401.95,0.888,0.947,1.211,75736.0
2026-05-04T07:56:43.943495+00:00,411.99,0.976,-1.034,5.775,79307.0
2026-05-04T07:57:46.102216+00:00,414.12,1.13,0.955,5.246,81779.0
2026-05-04T07:58:48.670536+00:00,406.78,0.5,1.682,6.235,84013.0
2026-05-04T07:59:51.444483+00:00,407.13,0.522,3.722,4.851,80665.0
2026-05-04T08:00:53.911550+00:00,413.65,0.54,8.859,12.582,82079.0
2026-05-04T08:01:55.760135+00:00,406.82,0.5,7.04,10.317,81938.0
2026-05-04T08:02:57.508910+00:00,405.42,1.015,1.725,2.919,82648.0
2026-05-04T08:04:00.284159+00:00,410.07,1.12,0.583,5.113,81361.0
2026-05-04T08:05:02.951317+00:00,412.67,2.291,2.074,5.551,85491.0
2026-05-04T08:06:05.210785+00:00,410.73,2.131,2.401,5.488,83641.0
2026-05-04T08:07:07.878799+00:00,368.4,0.21,0.87,6.41,103592.0
2026-05-04T08:08:10.343236+00:00,364.7,0.18,0.79,6.41,76613.0
2026-05-04T08:09:12.808586+00:00,357.3,0.14,0.79,6.22,29024.0
2026-05-04T08:10:15.477913+00:00,361.0,0.21,-0.15,6.17,62989.0
2026-05-04T08:11:17.226303+00:00,365.7,0.13,-0.07,6.18,72250.0
2026-05-04T08:12:19.076863+00:00,365.7,0.13,-0.62,6.23,72250.0
2026-05-04T08:13:20.722879+00:00,394.2,0.27,-0.81,6.27,254981.0
2026-05-04T08:14:22.689830+00:00,397.97,0.5,-1.08,3.774,257193.0
2026-05-04T08:15:25.755381+00:00,361.0,0.09,0.15,6.61,36428.0
2026-05-04T08:16:27.515071+00:00,396.8,0.26,0.65,6.88,265291.0
2026-05-04T08:17:29.559345+00:00,375.5,0.17,0.65,6.88,115810.0
2026-05-04T08:18:31.307762+00:00,381.2,0.16,-0.7,6.67,93198.0
2026-05-04T08:19:33.158809+00:00,381.2,0.16,-1.04,6.62,93198.0
2026-05-04T08:20:36.852669+00:00,407.4,0.65,-0.68,6.57,115609.0
2026-05-04T08:21:38.978226+00:00,420.5,1.1,1.47,6.95,93328.0
2026-05-04T08:22:05.932408+00:00,420.5,1.1,1.47,6.95,93328.0
2026-05-04T08:23:07.690659+00:00,415.1,0.77,1.24,7.37,91685.0
2026-05-04T08:24:10.053815+00:00,401.9,0.18,1.15,7.12,82697.0
2026-05-04T08:25:12.519129+00:00,403.3,0.19,1.68,7.15,94732.0
2026-05-04T08:26:14.472400+00:00,419.8,0.46,4.25,7.36,148006.0
2026-05-04T08:27:17.040590+00:00,415.9,1.57,4.19,7.47,55692.0
2026-05-04T08:28:19.300631+00:00,415.9,1.57,3.11,7.33,55692.0
2026-05-04T08:29:21.357149+00:00,406.4,0.28,0.86,7.2,169863.0
2026-05-04T08:30:24.231783+00:00,391.2,0.21,-2.17,6.4,90393.0
2026-05-04T08:31:25.674446+00:00,395.71,0.5,-1.013,3.666,91380.0
2026-05-04T08:32:26.911411+00:00,396.67,0.722,-1.251,2.317,93517.0
2026-05-04T08:33:28.760492+00:00,389.3,0.27,-4.6,6.68,90059.0
2026-05-04T08:34:30.611100+00:00,402.8,0.75,-3.66,5.75,91443.0
2026-05-04T08:35:32.467660+00:00,402.8,0.75,2.27,7.19,91443.0
2026-05-04T08:36:34.947280+00:00,405.0,0.62,-1.48,6.69,158930.0
2026-05-04T08:37:37.188080+00:00,392.7,0.18,-1.41,6.67,185012.0
2026-05-04T08:38:39.446550+00:00,392.7,0.18,-2.21,6.84,185012.0
2026-05-04T08:39:41.917691+00:00,393.44,0.5,-2.107,4.946,188862.0
2026-05-04T08:40:44.569901+00:00,345.1,0.06,-3.75,6.69,31932.0
2026-05-04T08:41:46.210792+00:00,377.6,0.15,-4.11,6.61,52311.0
2026-05-04T08:42:47.647835+00:00,400.7,0.39,-4.5,6.42,138507.0
2026-05-04T08:43:50.108768+00:00,400.7,0.39,-3.93,6.57,138507.0
2026-05-04T08:44:53.184882+00:00,395.3,0.11,-3.26,6.56,82885.0
2026-05-04T08:45:55.646627+00:00,421.9,0.34,-2.85,6.09,104088.0
2026-05-04T08:46:58.725394+00:00,392.8,0.96,-2.85,6.09,75794.0
2026-05-04T08:48:01.595834+00:00,392.8,0.96,-4.11,4.76,75794.0
2026-05-04T08:49:05.490856+00:00,390.4,0.47,-4.04,4.95,71586.0
2026-05-04T08:50:09.592767+00:00,389.4,0.77,-2.89,4.6,95054.0
2026-05-04T08:51:11.850733+00:00,387.0,0.7,-2.85,4.74,87454.0
2026-05-04T08:52:13.904371+00:00,387.0,0.7,-2.07,4.5,87454.0
2026-05-04T08:53:16.163527+00:00,386.7,0.57,-1.37,4.76,91853.0
2026-05-04T08:54:19.240792+00:00,391.5,0.52,-2.23,4.66,114982.0
2026-05-04T08:55:21.704665+00:00,392.8,0.39,-2.96,4.75,125688.0
2026-05-04T08:56:23.246943+00:00,390.5,0.27,-2.72,4.68,127873.0
2026-05-04T08:57:25.198681+00:00,378.8,0.24,-1.16,4.76,34245.0
2026-05-04T08:58:26.331876+00:00,378.8,0.24,-2.45,4.84,34245.0
2026-05-04T08:59:38.972902+00:00,401.4,0.23,-1.86,5.05,127352.0
2026-05-04T09:00:41.192843+00:00,393.9,0.55,-1.17,4.74,112292.0
2026-05-04T09:01:43.452188+00:00,389.3,0.5,-1.46,4.59,133385.0
2026-05-04T09:02:46.530889+00:00,381.1,0.46,-1.46,4.59,74875.0
2026-05-04T09:03:48.585263+00:00,381.1,0.46,-1.46,4.59,74875.0
2026-05-04T09:04:50.850915+00:00,383.71,0.5,-0.621,2.931,75645.0
2026-05-04T09:05:54.130465+00:00,386.25,0.518,2.041,3.747,77017.0
2026-05-04T09:06:56.389909+00:00,384.81,1.11,-1.596,3.7,80569.0
2026-05-04T09:07:58.445217+00:00,397.56,0.936,-3.452,3.774,79133.0
2026-05-04T09:09:00.090012+00:00,398.53,0.744,-2.626,5.091,70775.0
2026-05-04T09:10:02.558777+00:00,401.12,1.243,-1.122,2.297,72896.0
2026-05-04T09:11:04.815057+00:00,402.29,0.5,-0.735,3.09,71337.0
2026-05-05T09:15:16.914185+00:00,391.04,9.43,0.004,7.437,90466.0
2026-05-05T09:16:19.082430+00:00,402.6,0.47,2.27,10.85,130063.0
2026-05-05T09:17:21.746067+00:00,390.9,0.3,2.27,10.85,62217.0
2026-05-05T09:18:24.339508+00:00,402.7,0.57,2.34,10.82,78902.0
2026-05-05T11:36:21.399294+00:00,388.1,0.24,3.61,10.56,75351.0
2026-05-05T11:37:23.865663+00:00,394.1,0.25,3.61,10.56,75975.0
2026-05-05T11:40:30.843708+00:00,381.5,0.25,3.94,10.47,35243.0
2026-05-05T11:41:33.124088+00:00,402.8,0.58,3.96,10.49,134384.0
2026-05-05T11:42:34.983579+00:00,387.6,0.41,3.91,10.48,53464.0
2026-05-05T11:43:47.455850+00:00,387.6,0.41,4.05,10.51,53464.0
2026-05-05T11:44:49.916050+00:00,400.6,0.38,4.17,10.5,85400.0
2026-05-05T12:06:37.788542+00:00,392.6,0.17,4.55,10.67,61041.0
2026-05-05T12:07:39.339230+00:00,386.5,0.28,4.51,10.49,45447.0
2026-05-05T12:08:27.332369+00:00,386.5,0.28,4.51,10.49,45447.0
2026-05-05T12:09:29.656749+00:00,386.4,0.56,4.74,10.64,56517.0
2026-05-05T12:10:04.444541+00:00,386.4,0.56,4.74,10.64,56517.0
2026-05-05T12:11:06.936890+00:00,385.7,0.51,4.79,10.72,58831.0
2026-05-05T12:12:09.187645+00:00,387.2,0.61,4.68,10.86,65960.0
2026-05-05T12:13:11.649528+00:00,391.8,0.51,4.56,10.88,74795.0
2026-05-05T12:14:13.192580+00:00,391.8,0.51,4.61,10.76,74795.0
2026-05-05T12:24:47.709808+00:00,489.52,3.292,-4.643,3.976,142623.0
2026-05-05T12:25:49.711232+00:00,391.0,0.26,4.43,10.8,77595.0
2026-05-05T12:26:52.275286+00:00,392.6,0.21,4.41,10.69,77199.0
2026-05-05T12:27:54.327228+00:00,392.6,0.21,4.56,10.75,77199.0
2026-05-05T12:38:15.726094+00:00,388.1,0.21,4.67,10.82,55797.0
2026-05-05T12:39:17.791301+00:00,395.7,0.37,4.7,10.76,91780.0
2026-05-05T12:40:20.215758+00:00,395.7,0.37,4.78,10.9,91780.0
2026-05-05T12:41:50.957963+00:00,397.6,0.22,4.94,11.19,81550.0
2026-05-05T12:42:53.632196+00:00,405.9,0.27,4.91,11.22,65610.0
2026-05-05T12:43:55.648164+00:00,417.7,0.15,5.0,11.21,156987.0
2026-05-05T12:55:24.642127+00:00,405.2,0.21,5.19,11.23,133604.0
2026-05-05T12:56:25.791476+00:00,402.2,0.25,4.76,11.22,119556.0
2026-05-05T12:58:21.757924+00:00,414.1,0.13,4.66,11.22,120773.0
2026-05-05T12:59:24.009279+00:00,414.1,0.13,4.56,11.17,120773.0
2026-05-05T13:00:51.356736+00:00,435.4,0.13,4.57,11.18,196128.0
2026-05-05T13:01:53.735772+00:00,413.2,0.15,4.57,11.18,148451.0
2026-05-05T13:02:55.965552+00:00,405.9,0.15,4.81,11.17,101011.0
2026-05-05T13:03:57.983881+00:00,405.9,0.15,5.14,11.19,101011.0
2026-05-05T13:05:00.280748+00:00,418.8,0.16,5.08,11.16,150878.0
2026-05-05T13:06:02.616399+00:00,418.7,0.14,5.01,11.2,118127.0
2026-05-05T13:07:04.300893+00:00,429.2,0.13,5.08,11.21,135754.0
2026-05-05T13:08:06.153576+00:00,429.2,0.13,5.22,11.19,135754.0
2026-05-05T13:09:09.134193+00:00,426.2,0.15,5.2,11.19,146558.0
2026-05-05T13:10:11.195801+00:00,418.4,0.18,5.22,11.17,159381.0
2026-05-05T13:11:13.144163+00:00,422.6,0.21,5.25,11.18,189672.0
2026-05-05T13:12:15.511400+00:00,416.8,0.23,5.73,11.14,157836.0
2026-05-05T13:13:16.852572+00:00,416.8,0.23,5.58,11.19,157836.0
2026-05-05T20:04:10.605611+00:00,370.7,5.267,2.258,9.159,95517.0
2026-05-06T05:55:10.250190+00:00,361.5,1.66,7.26,7.38,68987.0
2026-05-06T05:56:13.125117+00:00,361.5,1.66,7.18,7.29,68987.0
2026-05-06T05:57:15.287620+00:00,361.2,1.65,7.18,7.3,65412.0
2026-05-06T05:58:19.498960+00:00,358.5,1.69,7.13,7.26,63867.0
2026-05-06T05:59:22.191384+00:00,357.8,1.73,6.63,7.01,68596.0
2026-05-06T06:00:24.639013+00:00,355.1,1.52,6.13,6.77,68628.0
2026-05-06T06:01:26.269627+00:00,356.8,1.53,6.13,6.77,74347.0
2026-05-06T06:02:32.723612+00:00,363.8,2.09,6.13,6.77,132954.0
2026-05-06T06:03:35.152713+00:00,363.8,2.09,6.56,6.87,132954.0
2026-05-06T06:04:37.146115+00:00,356.7,1.97,6.71,6.86,71452.0
2026-05-06T06:05:40.030503+00:00,359.8,1.86,6.32,6.72,92759.0
2026-05-06T06:06:43.097895+00:00,365.7,1.71,6.62,6.76,79198.0
2026-05-06T06:07:45.583445+00:00,365.7,1.71,6.84,6.94,79198.0
2026-05-06T06:08:48.239655+00:00,369.3,2.16,6.82,6.94,91903.0
2026-05-06T06:09:51.108487+00:00,367.6,2.22,6.91,6.97,88121.0
2026-05-06T06:10:52.650428+00:00,364.3,2.05,6.84,6.85,79032.0
2026-05-06T06:11:54.601661+00:00,364.3,2.05,6.72,6.78,79032.0
2026-05-06T06:12:56.173167+00:00,366.8,1.93,6.79,6.89,77476.0
2026-05-06T06:13:59.110313+00:00,373.5,1.95,6.73,6.8,93027.0
2026-05-06T06:15:01.580553+00:00,376.5,2.16,6.77,6.82,105003.0
2026-05-06T06:15:28.939323+00:00,376.5,2.16,6.77,6.82,105003.0
2026-05-06T06:16:36.190932+00:00,370.7,1.86,6.8,6.84,82817.0
2026-05-06T06:17:37.858544+00:00,356.4,1.54,6.72,6.79,48395.0
2026-05-06T06:18:40.428721+00:00,378.0,2.46,6.47,6.81,113096.0
2026-05-06T06:19:42.160745+00:00,378.0,2.46,6.89,6.96,113096.0
2026-05-06T06:20:44.419887+00:00,362.9,1.7,6.93,7.1,40791.0
2026-05-06T06:21:46.674117+00:00,377.5,2.53,6.95,7.09,81187.0
2026-05-06T06:26:51.611110+00:00,373.8,2.13,6.83,6.93,85615.0
2026-05-06T06:27:52.845382+00:00,373.8,2.13,6.84,6.94,85615.0
2026-05-06T06:28:54.881623+00:00,375.3,2.1,6.85,6.94,90525.0
2026-05-06T06:29:56.549853+00:00,364.7,1.65,6.83,6.92,59517.0
2026-05-06T06:30:59.026222+00:00,365.9,1.92,6.83,6.93,67940.0
2026-05-06T06:32:01.088745+00:00,377.4,2.52,6.83,6.93,105385.0
2026-05-06T06:40:22.314235+00:00,370.79,4.264,2.869,5.119,149772.0
2026-05-06T06:41:24.246583+00:00,357.6,1.93,5.7,6.26,76710.0
2026-05-06T06:42:26.121612+00:00,361.3,2.09,5.89,6.36,77084.0
2026-05-06T06:43:27.571923+00:00,361.3,2.09,5.9,6.34,77084.0
2026-05-06T06:44:29.644156+00:00,366.8,2.34,6.02,6.4,89481.0
2026-05-06T06:45:31.699586+00:00,366.9,2.18,6.08,6.36,84578.0
2026-05-06T06:46:33.954858+00:00,366.9,2.18,5.94,6.32,84578.0
2026-05-06T06:47:36.822402+00:00,362.8,2.21,6.23,6.49,77473.0
2026-05-06T06:48:39.117747+00:00,362.8,2.21,6.26,6.51,77473.0
2026-05-06T06:49:41.876234+00:00,363.7,2.43,6.22,6.47,83521.0
2026-05-06T06:50:44.809766+00:00,364.0,2.42,6.14,6.46,87343.0
2026-05-06T06:52:04.747674+00:00,367.26,2.62,1.048,3.574,89775.0
2026-05-06T06:53:06.961421+00:00,362.8,2.57,6.08,6.44,91673.0
2026-05-06T06:53:50.807195+00:00,362.8,2.57,6.08,6.44,91673.0
2026-05-06T06:54:52.611483+00:00,355.4,2.14,6.1,6.41,57813.0
2026-05-06T06:55:54.870261+00:00,355.4,2.14,6.24,6.45,57813.0
2026-05-06T06:56:57.539642+00:00,364.4,2.6,6.11,6.43,85781.0
2026-05-06T06:57:59.287938+00:00,364.4,2.6,6.16,6.43,85781.0
2026-05-06T06:59:01.340447+00:00,363.2,2.24,6.09,6.38,82324.0
2026-05-06T07:00:02.985025+00:00,363.2,2.24,5.99,6.32,82324.0
2026-05-06T07:01:04.732618+00:00,363.5,2.41,5.99,6.32,82674.0
2026-05-06T07:02:07.195939+00:00,367.3,2.6,5.99,6.32,87959.0
2026-05-06T07:03:09.660450+00:00,370.3,2.55,5.99,6.32,82002.0
2026-05-06T07:04:11.406912+00:00,371.9,2.83,6.07,6.29,88653.0
2026-05-06T07:05:21.351272+00:00,379.17,1.984,8.468,9.27,90874.0
2026-05-06T07:06:23.093634+00:00,375.6,2.92,4.68,5.52,68141.0
2026-05-06T07:07:24.332207+00:00,375.6,2.92,4.13,5.45,68141.0
2026-05-06T07:08:25.569450+00:00,384.3,3.96,4.72,5.82,71146.0
2026-05-06T07:09:28.137709+00:00,393.8,7.25,4.11,6.0,99561.0
2026-05-06T07:10:30.808696+00:00,395.8,6.39,3.61,6.0,97909.0
2026-05-06T07:11:33.481378+00:00,395.8,6.39,3.64,5.95,97909.0
2026-05-06T07:12:36.559158+00:00,401.7,7.75,4.32,5.86,66330.0
2026-05-06T07:13:39.434481+00:00,397.1,6.0,4.41,5.87,93071.0
2026-05-06T07:14:49.664601+00:00,396.66,5.456,4.539,8.908,95637.0
2026-05-06T07:15:52.356758+00:00,385.0,4.06,5.35,5.68,89134.0
2026-05-06T07:16:52.371766+00:00,372.65,4.335,4.101,5.287,91169.0
2026-05-06T07:17:52.380309+00:00,367.5,5.227,5.604,6.882,90241.0
2026-05-06T07:18:52.389967+00:00,363.36,5.488,4.395,7.446,93807.0
2026-05-06T07:19:52.407466+00:00,355.61,5.346,3.29,7.74,95615.0
2026-05-06T07:20:52.414128+00:00,350.42,5.153,0.645,3.52,94861.0
2026-05-06T07:21:52.422449+00:00,340.99,5.811,1.272,1.463,93266.0
2026-05-06T07:22:52.430931+00:00,337.23,5.756,-2.779,4.298,94089.0
2026-05-06T07:23:55.276897+00:00,365.8,1.8,5.83,5.95,59423.0
2026-05-06T07:29:57.885272+00:00,364.7,1.95,6.04,6.41,72081.0
2026-05-06T14:51:52.663217+00:00,371.3,1.69,5.87,6.62,68570.0
2026-05-06T14:52:55.124490+00:00,371.5,1.45,5.87,6.62,52093.0
2026-05-06T14:53:57.588967+00:00,382.8,2.12,6.07,6.73,82775.0
